SMA-Crossover,AAPL,35,28,26.703793,7,short
SMA-Crossover,BTCUSD,45,40,71.3815,11,short
SMA-Crossover,BTCUSD,45,40,71.3815,11,short
SMA-Crossover,AAPL,35,28,26.703793,7,short
SMA-Crossover,AAPL,35,28,26.703793,7,short
SMA-Crossover,AAPL,35,28,26.703781,7,short
SMA-Crossover,BTCUSD,45,40,71.3815,11,short
SMA-Crossover,AAPL,35,28,26.703781,7,short
SMA-Crossover,BTCUSD,45,40,71.3815,11,short
SMA-Crossover,BTCUSD,45,40,71.3815,11,short
SMA-Crossover,BTCUSD,45,40,71.3815,11,short
SMA-Crossover,BTCUSD,45,40,71.3815,11,short
SMA-Crossover,BTCUSD,45,40,71.3815,11,short
SMA-Crossover,BTCUSD,45,40,71.3815,11,short
SMA-Crossover,BTCUSD,45,40,71.3815,11,short
SMA-Crossover,ETHUSD,51,27,80.489746,9,short
SMA-Crossover,ETHUSD,51,27,80.489746,9,short
SMA-Crossover,ETHUSD,51,27,80.489746,9,short
SMA-Crossover,ETHUSD,51,27,80.489746,9,short
SMA-Crossover,ETHUSD,51,27,80.489746,9,short
SMA-Crossover,null,34,22,2.9463642,9,short
SMA-Crossover,null,34,22,2.9463642,9,short
SMA-Crossover,null,34,22,2.9463642,9,short
SMA-Crossover,ETHUSD,51,27,80.489746,9,short
SMA-Crossover,ETHUSD,51,27,80.489746,9,short
SMA-Crossover,ETHUSD,51,27,80.489746,9,short
SMA-Crossover,null,34,22,2.9463642,9,short
SMA-Crossover,null,34,22,2.9463642,9,short
SMA-Crossover,null,34,22,2.9463642,9,short
SMA-Crossover,null,34,22,2.9463642,9,short
SMA-Crossover,null,34,22,2.9463642,9,short
SMA-Crossover,null,34,22,2.9463642,9,short
SMA-Crossover,null,34,22,2.9463642,9,short
SMA-Crossover,null,34,22,2.9463642,9,short
SMA-Crossover,null,34,22,2.9463642,9,short
SMA-Crossover,ETHUSD,51,27,80.489746,9,short
SMA-Crossover,ETHUSD,51,27,80.489746,9,short
SMA-Crossover,ETHUSD,51,27,80.489746,9,short
SMA-Crossover,ETHUSD,51,27,80.489746,9,short
SMA-Crossover,TSLA,48,59,141.24213,10,long
SMA-Crossover,AAPL,60,94,50.26901,5,long
SMA-Crossover,AAPL,60,94,50.268997,5,long
SMA-Crossover,AAPL,60,94,50.268997,5,long
SMA-Crossover,AAPL,74,165,1706.6603,51,long
SMA-Crossover,AAPL,60,94,50.26901,5,long
SMA-Crossover,AAPL,60,94,50.26901,5,long
SMA-Crossover,AAPL,60,94,50.268997,5,long
SMA-Crossover,AAPL,60,94,50.268997,5,long
SMA-Crossover,AAPL,60,94,50.268997,5,long
SMA-Crossover,AAPL,60,94,50.268997,5,long
SMA-Crossover,AAPL,60,94,50.26901,5,long
SMA-Crossover,AAPL,60,94,50.26901,5,long
SMA-Crossover,AAPL,60,94,50.268997,5,long
SMA-Crossover,AAPL,60,94,50.26901,5,long
SMA-Crossover,AAPL,60,94,50.26901,5,long
SMA-Crossover,DOGEUSD,20,67,11461.909,9,long
SMA-Crossover,DOGEUSD,20,67,11461.909,9,long
SMA-Crossover,DOGEUSD,20,67,11461.909,9,long
SMA-Crossover,DOGEUSD,20,67,11461.909,9,long
SMA-Crossover,AAPL,60,94,50.268997,5,long
SMA-Crossover,AAPL,60,94,50.268997,5,long
SMA-Crossover,AAPL,60,94,50.268997,5,long
SMA-Crossover,AAPL,60,94,50.268997,5,long
SMA-Crossover,AAPL,60,94,50.26901,5,long
SMA-Crossover,AAPL,60,94,50.268997,5,long
SMA-Crossover,AAPL,60,94,50.268997,5,long
SMA-Crossover,AAPL,60,94,50.268997,5,long
SMA-Crossover,AAPL,60,94,50.26901,5,long
SMA-Crossover,AAPL,60,94,50.268997,5,long
SMA-Crossover,AAPL,60,94,50.268997,5,long
SMA-Crossover,AAPL,60,94,50.26901,5,long
SMA-Crossover,AAPL,60,94,50.268997,5,long
SMA-Crossover,AAPL,60,94,50.26901,5,long
SMA-Crossover,AAPL,60,94,50.26901,5,long
SMA-Crossover,AAPL,60,94,50.26901,5,long
SMA-Crossover,AAPL,60,94,50.268997,5,long
SMA-Crossover,AAPL,60,94,50.26901,5,long
SMA-Crossover,AAPL,60,94,50.26902,5,long
SMA-Crossover,AAPL,60,94,50.268997,5,long
SMA-Crossover,AAPL,60,94,50.26901,5,long
SMA-Crossover,AAPL,60,94,50.26901,5,long
SMA-Crossover,AAPL,60,94,50.26901,5,long
SMA-Crossover,AAPL,60,94,50.268997,5,long
SMA-Crossover,AAPL,60,94,50.26901,5,long
SMA-Crossover,AAPL,60,94,50.268997,5,long
SMA-Crossover,AAPL,60,94,50.268997,5,long
SMA-Crossover,AAPL,60,94,50.26901,5,long
SMA-Crossover,AAPL,60,94,50.26901,5,long
SMA-Crossover,AAPL,60,94,50.26901,5,long
SMA-Crossover,AAPL,60,94,50.26901,5,long
SMA-Crossover,AAPL,74,165,1706.6606,51,long
SMA-Crossover,AAPL,74,165,1706.6604,51,long
SMA-Crossover,TSLA,48,101,1987.5681,31,long
SMA-Crossover,TSLA,48,101,1987.5681,31,long
SMA-Crossover,TSLA,48,101,1987.5681,31,long
SMA-Crossover,TWTR,21,22,221.15872,239,long
SMA-Crossover,TWTR,122,176,156.94205,17,long
SMA-Crossover,BTCUSD,22,170,4455.954,15,long
SMA-Crossover,ETHUSD,105,189,2264.5442,5,long
SMA-Crossover,ETHUSD,23,51,708.678,13,long
SMA-Crossover,TSLA,39,61,107.530594,9,long
SMA-Crossover,TSLA,48,101,1987.5681,31,long
SMA-Crossover,AAPL,74,165,1706.6603,51,long
SMA-Crossover,TSLA,48,101,1987.5681,31,long
SMA-Crossover,TSLA,48,101,1987.5681,31,long
SMA-Crossover,TSLA,48,101,1987.5681,31,long
SMA-Crossover,TSLA,48,101,1987.5681,31,long
SMA-Crossover,TSLA,48,101,1987.5681,31,long
SMA-Crossover,TSLA,48,101,1987.5681,31,long
SMA-Crossover,TSLA,48,101,1987.5681,31,long
SMA-Crossover,TSLA,48,101,1987.5681,31,long
SMA-Crossover,TSLA,48,101,1987.5681,31,long
SMA-Crossover,TSLA,48,101,1987.5681,31,long
SMA-Crossover,TSLA,48,101,1987.5681,31,long
SMA-Crossover,TSLA,48,101,1987.5681,31,long
SMA-Crossover,TSLA,48,101,1987.5681,31,long
SMA-Crossover,TSLA,48,101,1987.5681,31,long
SMA-Crossover,AAPL,74,165,1706.6604,51,long
SMA-Crossover,TWTR,122,176,156.94205,17,long
SMA-Crossover,DOGEUSD,20,67,11407.601,25,long
SMA-Crossover,TSLA,48,101,1987.5681,31,long
SMA-Crossover,TSLA,48,101,1987.5681,31,long
SMA-Crossover,TSLA,48,101,1987.5681,31,long
SMA-Crossover,TSLA,48,101,1987.5681,31,long
SMA-Crossover,TSLA,48,101,1987.5681,31,long
SMA-Crossover,TSLA,48,101,1987.5681,31,long
SMA-Crossover,TSLA,48,101,1987.5681,31,long
SMA-Crossover,TSLA,48,101,1987.5681,31,long
SMA-Crossover,TWTR,122,176,156.94205,17,long
SMA-Crossover,AAPL,74,165,1706.6604,51,long
SMA-Crossover,AAPL,74,165,1706.6606,51,long
SMA-Crossover,AAPL,74,165,1706.6604,51,long
SMA-Crossover,AAPL,74,165,1706.6604,51,long
SMA-Crossover,DOGEUSD,20,67,11407.601,25,long
SMA-Crossover,TWTR,122,176,156.94205,17,long
SMA-Crossover,AAPL,74,165,1706.6597,51,long
SMA-Crossover,AAPL,74,165,1706.6604,51,long
SMA-Crossover,ETHUSD,105,189,2264.5442,5,long
SMA-Crossover,TSLA,48,101,1987.5681,31,long
SMA-Crossover,TSLA,48,101,1987.5681,31,long
SMA-Crossover,TSLA,48,101,1987.5681,31,long
SMA-Crossover,TSLA,48,101,1987.5681,31,long
SMA-Crossover,TSLA,48,101,1987.5681,31,long
SMA-Crossover,TSLA,48,101,1987.5681,31,long
SMA-Crossover,TSLA,48,101,1987.5681,31,long
SMA-Crossover,TSLA,48,101,1987.5681,31,long
SMA-Crossover,TSLA,48,101,1987.5681,31,long
SMA-Crossover,BTCUSD,22,170,4455.954,15,long
SMA-Crossover,BTCUSD,22,170,4455.954,15,long
SMA-Crossover,BTCUSD,22,170,4455.954,15,long
SMA-Crossover,BTCUSD,22,170,4455.954,15,long
SMA-Crossover,TSLA,48,101,1987.5681,31,long
SMA-Crossover,TWTR,122,176,156.94205,17,long
SMA-Crossover,ETHUSD,105,189,2264.5442,5,long
SMA-Crossover,DOGEUSD,20,67,11407.601,25,long
SMA-Crossover,DOGEUSD,20,67,11407.601,25,long
SMA-Crossover,TSLA,48,101,1987.5681,31,long
SMA-Crossover,VZ,173,196,282.83234,81,long
SMA-Crossover,EURGBP,108,142,51.542355,57,long
SMA-Crossover,TDOC,31,158,546.7276,7,long
SMA-Crossover,GBPUSD,85,132,28.698326,43,long
SMA-Crossover,TSLA,48,101,1987.5681,31,long
SMA-Crossover,DOGEUSD,20,67,11407.601,25,long
SMA-Crossover,ETHUSD,105,189,2264.5442,5,long
SMA-Crossover,BTCUSD,22,170,4455.954,16,long
SMA-Crossover,GOOG,20,44,333.39243,95,long
SMA-Crossover,TSLA,48,101,1987.5681,31,long
SMA-Crossover,TSLA,48,101,1987.5681,31,long
SMA-Crossover,HOOD,34,56,13.815962,3,long
SMA-Crossover,BTCUSD,22,170,4455.954,15,long
SMA-Crossover,AAPL,74,165,1706.6604,51,long
SMA-Crossover,BTCUSD,22,170,4455.954,15,long
SMA-Crossover,GBPUSD,78,135,31.25957,31,long
SMA-Crossover,GBPUSD,78,135,31.25957,31,long
SMA-Crossover,TSLA,48,101,1987.5681,31,long
SMA-Crossover,TSLA,48,101,1987.5681,31,long
SMA-Crossover,TSLA,48,101,1987.5681,31,long
SMA-Crossover,TWTR,122,176,156.94205,17,long
SMA-Crossover,GOOG,20,44,333.39243,95,long
SMA-Crossover,DOGEUSD,20,67,11407.601,25,long
SMA-Crossover,BTCUSD,22,170,4455.954,15,long
SMA-Crossover,ETHUSD,105,189,2264.5442,5,long
SMA-Crossover,PLTR,57,85,21.078505,5,long
SMA-Crossover,PLTR,57,85,21.078505,5,long
SMA-Crossover,BABA,88,181,179.46474,9,long
SMA-Crossover,TSLA,48,100,1998.8146,35,long
SMA-Crossover,EURGBP,103,132,54.710304,55,long
SMA-Crossover,TSLA,48,100,1998.8146,35,long
SMA-Crossover,TSLA,48,100,1998.8146,35,long
SMA-Crossover,TSLA,48,100,1998.8146,35,long
SMA-Crossover,TSLA,48,100,1998.8146,35,long
SMA-Crossover,TSLA,48,100,1998.8146,35,long
SMA-Crossover,TSLA,48,100,1998.8146,35,long
SMA-Crossover,TSLA,48,100,1998.8146,35,long
SMA-Crossover,TSLA,48,100,1998.8146,35,long
SMA-Crossover,TSLA,48,100,1998.8146,35,long
SMA-Crossover,TSLA,48,100,1998.8146,35,long
SMA-Crossover,TSLA,48,100,1998.8146,35,long
SMA-Crossover,TSLA,48,100,1998.8146,35,long
SMA-Crossover,TSLA,48,100,1998.8146,35,long
SMA-Crossover,TSLA,48,100,1998.8146,35,long
SMA-Crossover,TSLA,48,100,1998.8146,35,long
SMA-Crossover,TSLA,48,100,1998.8146,35,long
SMA-Crossover,TSLA,48,100,1998.8146,35,long
SMA-Crossover,TSLA,48,100,1998.8146,35,long
SMA-Crossover,TSLA,48,100,1998.8146,35,long
SMA-Crossover,TSLA,48,100,1998.8146,35,long
SMA-Crossover,TSLA,48,100,1998.8146,35,long
SMA-Crossover,TSLA,48,100,1998.8146,35,long
SMA-Crossover,TSLA,48,100,1998.8146,35,long
SMA-Crossover,TSLA,48,100,1998.8146,35,long
SMA-Crossover,TSLA,48,100,1998.8146,35,long
SMA-Crossover,TSLA,48,100,1998.8146,35,long
SMA-Crossover,BTCUSD,22,170,4455.954,15,long
SMA-Crossover,BTCUSD,22,170,4455.954,15,long
SMA-Crossover,TSLA,48,100,1998.8146,35,long
SMA-Crossover,TSLA,48,100,1998.8146,35,long
SMA-Crossover,TSLA,48,100,1998.8146,35,long
SMA-Crossover,TSLA,48,100,1998.8146,35,long
SMA-Crossover,TSLA,48,100,1998.8146,35,long
SMA-Crossover,TSLA,48,100,1998.8146,35,long
SMA-Crossover,TSLA,48,100,1998.8146,35,long
SMA-Crossover,TSLA,48,100,1998.8146,35,long
SMA-Crossover,TSLA,48,100,1998.8146,35,long
SMA-Crossover,TSLA,48,100,1998.8146,35,long
SMA-Crossover,TSLA,48,100,1998.8146,35,long
SMA-Crossover,TSLA,48,100,1998.8146,35,long
SMA-Crossover,TSLA,48,100,1998.8146,35,long
SMA-Crossover,TSLA,48,100,1998.8146,35,long
SMA-Crossover,TSLA,48,100,1998.8146,35,long
SMA-Crossover,TSLA,48,100,1998.8146,35,long
SMA-Crossover,TSLA,48,100,1998.8146,35,long
SMA-Crossover,TSLA,48,100,1998.8146,35,long
SMA-Crossover,TSLA,48,100,1998.8146,35,long
SMA-Crossover,TSLA,48,100,1998.8146,35,long
SMA-Crossover,TSLA,48,100,1998.8146,35,long
SMA-Crossover,TSLA,48,100,1998.8146,35,long
SMA-Crossover,TSLA,48,100,1998.8146,35,long
SMA-Crossover,TSLA,48,100,1998.8146,35,long
SMA-Crossover,BTCUSD,22,170,4455.954,15,long
SMA-Crossover,BTCUSD,22,170,4455.954,15,long
SMA-Crossover,RIVN,0,0,0.0,0,long
SMA-Crossover,PLTR,57,85,21.078505,5,long
SMA-Crossover,TSLA,48,100,1998.8146,35,long
SMA-Crossover,TSLA,48,100,1998.8146,35,long
SMA-Crossover,BTCUSD,22,170,4455.954,15,long
SMA-Crossover,PLTR,57,85,21.078505,5,long
SMA-Crossover,TSLA,48,100,1998.8146,35,long
SMA-Crossover,AAPL,80,166,1738.6194,51,long
SMA-Crossover,AAPL,80,166,1738.6193,51,long
SMA-Crossover,AAPL,80,166,1738.619,51,long
SMA-Crossover,RIVN,0,0,0.0,0,long
SMA-Crossover,PLTR,57,85,21.078505,5,long
SMA-Crossover,BTCUSD,22,170,4455.954,15,long
SMA-Crossover,AAPL,80,166,1738.6189,51,long
SMA-Crossover,AAPL,80,166,1738.6193,51,long
SMA-Crossover,TSLA,48,100,1998.8146,35,long
SMA-Crossover,AAPL,80,166,1738.6189,51,long
SMA-Crossover,TSLA,48,100,1998.8146,35,long
SMA-Crossover,TSLA,48,100,1998.8146,35,long
SMA-Crossover,TSLA,48,100,1998.8146,35,long
SMA-Crossover,TSLA,48,100,1998.8146,35,long
SMA-Crossover,TSLA,48,100,1998.8146,35,long
SMA-Crossover,TSLA,48,100,1998.8146,35,long
SMA-Crossover,TSLA,48,100,1998.8146,35,long
SMA-Crossover,TSLA,48,100,1998.8146,35,long
SMA-Crossover,TSLA,48,100,1998.8146,35,long
SMA-Crossover,TSLA,48,100,1998.8146,35,long
SMA-Crossover,TSLA,48,100,1998.8146,35,long
SMA-Crossover,PLTR,57,85,21.078505,5,long
SMA-Crossover,TSLA,48,100,1998.8146,35,long
SMA-Crossover,TSLA,48,100,1998.8146,35,long
SMA-Crossover,TSLA,48,100,1998.8146,35,long
SMA-Crossover,TSLA,48,100,1998.8146,35,long
SMA-Crossover,TSLA,48,100,1998.8146,35,long
SMA-Crossover,TSLA,48,100,1998.8146,35,long
SMA-Crossover,TSLA,48,100,1998.8146,35,long
SMA-Crossover,TSLA,48,100,1998.8146,35,long
SMA-Crossover,TSLA,48,100,1998.8146,35,long
SMA-Crossover,TSLA,48,100,1998.8146,35,long
SMA-Crossover,TSLA,48,100,1998.8146,35,long
SMA-Crossover,TSLA,48,100,1998.8146,35,long
SMA-Crossover,PLTR,57,85,21.078505,5,long
SMA-Crossover,TSLA,48,100,1998.8146,35,long
SMA-Crossover,TSLA,48,100,1998.8146,35,long
SMA-Crossover,PLTR,57,85,21.078505,5,long
SMA-Crossover,TSLA,48,100,1998.8146,35,long
SMA-Crossover,PLTR,57,85,21.078505,5,long
SMA-Crossover,TSLA,48,100,1998.8146,35,long
SMA-Crossover,PLTR,57,85,21.078505,5,long
SMA-Crossover,TSLA,48,100,1998.8146,35,long
SMA-Crossover,TSLA,48,100,1998.8146,35,long
SMA-Crossover,TSLA,48,100,1998.8146,35,long
SMA-Crossover,TSLA,48,100,1998.8146,35,long
SMA-Crossover,TSLA,48,100,1998.8146,35,long
SMA-Crossover,TSLA,48,100,1998.8146,35,long
SMA-Crossover,TSLA,48,100,1998.8146,35,long
SMA-Crossover,GOOG,20,44,333.39243,95,long
SMA-Crossover,TSLA,48,100,1998.8146,35,long
SMA-Crossover,GOOG,20,44,333.39243,95,long
SMA-Crossover,TSLA,48,100,1998.8146,35,long
SMA-Crossover,TSLA,48,100,1998.8146,35,long
SMA-Crossover,BTCUSD,22,170,4455.954,15,long
SMA-Crossover,TSLA,48,100,1998.8146,35,long
SMA-Crossover,TSLA,48,100,1998.8146,35,long
SMA-Crossover,TSLA,48,100,1998.8146,35,long
SMA-Crossover,TSLA,48,100,1998.8146,35,long
SMA-Crossover,TSLA,48,100,1998.8146,35,long
SMA-Crossover,TSLA,48,100,1998.8146,35,long
SMA-Crossover,TSLA,48,100,1998.8146,35,long
SMA-Crossover,TSLA,48,100,1998.8146,35,long
SMA-Crossover,TSLA,48,100,1998.8146,35,long
SMA-Crossover,TSLA,48,100,1998.8146,35,long
SMA-Crossover,TSLA,48,100,1998.8146,35,long
SMA-Crossover,TSLA,48,100,1998.8146,35,long
SMA-Crossover,TSLA,48,100,1998.8146,35,long
SMA-Crossover,TSLA,48,100,1998.8146,35,long
SMA-Crossover,TSLA,48,100,1998.8146,35,long
SMA-Crossover,TSLA,48,100,1998.8146,35,long
SMA-Crossover,TSLA,48,100,1998.8146,35,long
SMA-Crossover,TSLA,48,100,1998.8146,35,long
SMA-Crossover,TSLA,48,100,1998.8146,35,long
SMA-Crossover,PLTR,57,85,21.078505,5,long
SMA-Crossover,AAPL,82,167,1741.8751,51,long
SMA-Crossover,AAPL,82,167,1741.8751,51,long
SMA-Crossover,COIN,31,114,10.719952,3,long
SMA-Crossover,TCEHY,65,183,449.04962,13,long
SMA-Crossover,GBTC,20,92,2148.472,19,long
SMA-Crossover,BTCUSD,22,170,4455.954,15,long
SMA-Crossover,TSM,33,63,678.3156,105,long
SMA-Crossover,BRK.B,165,194,326.55493,40,long
SMA-Crossover,NLS,62,97,2214.7688,47,long
SMA-Crossover,F,25,89,929.99506,155,long
SMA-Crossover,F,25,89,929.9949,155,long
SMA-Crossover,EURUSD,63,115,57.7955,41,long
SMA-Crossover,GBPUSD,78,135,31.25957,31,long
SMA-Crossover,GBPUSD,78,135,31.25957,31,long
SMA-Crossover,TSLA,48,100,1998.8146,35,long
SMA-Crossover,TSLA,48,100,1998.8146,35,long
SMA-Crossover,TSLA,48,100,1998.8146,35,long
SMA-Crossover,TSLA,48,100,1998.8146,35,long
SMA-Crossover,TSLA,48,100,1998.8146,35,long
SMA-Crossover,AAPL,82,167,1741.8751,51,long
SMA-Crossover,AAPL,82,167,1741.8751,51,long
SMA-Crossover,AMZN,45,66,1031.0502,107,long
SMA-Crossover,BTCUSD,22,170,4455.954,15,long
SMA-Crossover,EA,107,141,1219.0627,69,long
SMA-Crossover,GOOG,20,44,333.39243,95,long
SMA-Crossover,TSLA,48,100,1998.8146,35,long
SMA-Crossover,AMC,46,70,1764.2462,38,long
SMA-Crossover,AMC,47,69,1764.0781,40,long
SMA-Crossover,GME,48,138,5650.427,48,long
SMA-Crossover,GME,29,67,4465.387,12,long
SMA-Crossover,GBPUSD,23,45,8.3491535,11,long
SMA-Crossover,TSLA,39,61,107.530594,10,long
SMA-Crossover,CTSH,77,98,13.388827,5,long
SMA-Crossover,WDAY,29,60,52.632736,9,long
SMA-Crossover,AZN,57,95,32.094902,7,long
SMA-Crossover,COST,81,111,74.73468,5,long
SMA-Crossover,FISV,86,109,21.732,9,long
SMA-Crossover,KHC,43,88,27.83398,5,long
SMA-Crossover,PCAR,38,60,14.836878,12,long
SMA-Crossover,MTCH,20,58,24.579174,9,long
SMA-Crossover,DXCM,117,196,41.727524,3,long
SMA-Crossover,TXN,21,43,13.130672,16,long
SMA-Crossover,ATVI,20,48,34.52199,10,long
SMA-Crossover,ZS,20,65,94.77619,6,long
SMA-Crossover,ORLY,69,93,61.343014,5,long
SMA-Crossover,DLTR,20,93,62.458652,10,long
SMA-Crossover,VRSN,53,75,4.471271,12,long
SMA-Crossover,ASML,39,80,134.74861,5,long
SMA-Crossover,KDP,42,63,30.218353,12,long
SMA-Crossover,SIRI,167,189,24.534592,6,long
SMA-Crossover,SPLK,176,200,23.394453,5,long
SMA-Crossover,CTAS,80,120,31.45087,5,long
SMA-Crossover,REGN,62,121,32.18728,5,long
SMA-Crossover,PEP,70,103,32.15,5,long
SMA-Crossover,PAYX,76,106,50.36387,5,long
SMA-Crossover,ANSS,59,81,7.0584,9,long
SMA-Crossover,AMD,20,43,78.04226,16,long
SMA-Crossover,IDXX,20,63,38.68182,10,long
SMA-Crossover,ISRG,74,111,32.97985,3,long
SMA-Crossover,ALGN,48,91,28.569756,3,long
SMA-Crossover,CSX,20,45,32.428684,14,long
SMA-Crossover,DOCU,40,66,46.490253,5,long
SMA-Crossover,CSCO,28,55,36.50706,8,long
SMA-Crossover,PDD,21,60,82.24391,9,long
SMA-Crossover,CTSH,77,98,13.388827,5,long
SMA-Crossover,WDAY,29,60,52.632736,9,long
SMA-Crossover,AZN,57,95,32.09489,7,long
SMA-Crossover,COST,81,111,74.73468,5,long
SMA-Crossover,FISV,86,109,21.732,9,long
SMA-Crossover,KHC,43,88,27.834003,5,long
SMA-Crossover,PCAR,38,60,14.836886,12,long
SMA-Crossover,MTCH,20,58,24.579174,9,long
SMA-Crossover,DXCM,117,196,41.727524,3,long
SMA-Crossover,TXN,21,43,13.130705,16,long
SMA-Crossover,ATVI,20,48,34.52198,10,long
SMA-Crossover,ZS,20,65,94.77619,6,long
SMA-Crossover,ORLY,69,93,61.343014,5,long
SMA-Crossover,DLTR,20,93,62.458652,10,long
SMA-Crossover,VRSN,53,75,4.471271,12,long
SMA-Crossover,ASML,39,80,134.74861,5,long
SMA-Crossover,KDP,42,63,30.218363,12,long
SMA-Crossover,SIRI,167,189,24.534584,6,long
SMA-Crossover,SPLK,176,200,23.394453,5,long
SMA-Crossover,CTAS,80,120,31.45087,5,long
SMA-Crossover,REGN,62,121,32.18728,5,long
SMA-Crossover,PEP,70,103,32.15,5,long
SMA-Crossover,PAYX,76,106,50.36387,5,long
SMA-Crossover,ANSS,59,81,7.0584,9,long
SMA-Crossover,AMD,20,43,78.04226,16,long
SMA-Crossover,IDXX,20,63,38.68182,10,long
SMA-Crossover,ISRG,74,111,32.97985,3,long
SMA-Crossover,ALGN,48,91,28.569756,3,long
SMA-Crossover,CSX,20,45,32.428684,14,long
SMA-Crossover,WDAY,101,134,181.37727,19,long
SMA-Crossover,CTSH,57,85,946.7023,71,long
SMA-Crossover,KHC,138,187,75.017746,10,long
SMA-Crossover,AZN,179,200,359.36246,66,long
SMA-Crossover,COST,20,121,532.5354,90,long
SMA-Crossover,ZS,47,164,499.95752,3,long
SMA-Crossover,DXCM,62,129,855.49695,29,long
SMA-Crossover,FISV,145,200,815.971,41,long
SMA-Crossover,MTCH,22,43,980.9604,191,long
SMA-Crossover,KDP,137,185,190.06157,18,long
SMA-Crossover,SPLK,21,47,240.59036,56,long
SMA-Crossover,VRSN,117,152,2187.3135,45,long
SMA-Crossover,ATVI,95,160,753.5557,46,long
SMA-Crossover,ORLY,42,199,800.3523,30,long
SMA-Crossover,DLTR,73,183,649.74097,32,long
SMA-Crossover,DOCU,116,190,419.21997,5,long
SMA-Crossover,SIRI,22,63,971.51013,116,long
SMA-Crossover,PCAR,41,138,1213.9407,87,long
SMA-Crossover,PDD,20,200,389.55215,5,long
SMA-Crossover,ASML,20,134,1097.6447,53,long
SMA-Crossover,ISRG,105,182,1359.853,31,long
SMA-Crossover,ALGN,20,121,1325.5002,41,long
SMA-Crossover,ANSS,170,194,693.1231,41,long
SMA-Crossover,CHTR,145,200,411.42807,9,long
SMA-Crossover,VRSK,96,198,251.61507,11,long
SMA-Crossover,CEG,42,64,23.865934,4,long
SMA-Crossover,REGN,83,182,1899.4269,45,long
SMA-Crossover,LCID,20,41,248.51003,10,long
SMA-Crossover,OKTA,30,162,363.03928,15,long
SMA-Crossover,AVGO,129,159,555.1704,25,long
SMA-Crossover,IDXX,28,114,827.3619,71,long
SMA-Crossover,TXN,83,117,1025.9084,123,long
SMA-Crossover,GILD,89,168,774.81177,55,long
SMA-Crossover,CSCO,37,141,2596.5266,55,long
SMA-Crossover,PYPL,133,157,314.91376,15,long
SMA-Crossover,NVDA,42,122,2069.447,41,long
SMA-Crossover,EBAY,20,41,398.05887,148,long
SMA-Crossover,NXPI,21,165,443.23615,19,long
SMA-Crossover,BKNG,33,94,928.75464,65,long
SMA-Crossover,ZM,34,56,559.4795,11,long
SMA-Crossover,ABNB,72,97,14.951489,3,long
SMA-Crossover,ILMN,24,163,1029.5618,33,long
SMA-Crossover,CTAS,159,180,1226.4021,79,long
SMA-Crossover,JD,30,111,264.30627,14,long
SMA-Crossover,ADBE,55,178,1195.9564,61,long
SMA-Crossover,NTES,103,184,8272.54,31,long
SMA-Crossover,CRWD,77,125,532.8721,7,long
SMA-Crossover,ODFL,56,160,1120.083,37,long
SMA-Crossover,PEP,176,198,641.48315,88,long
SMA-Crossover,AMD,27,129,2122.411,99,long
SMA-Crossover,PAYX,24,188,1254.4349,78,long
SMA-Crossover,MAR,21,142,411.73102,55,long
SMA-Crossover,TSLA,48,100,1998.8146,35,long
SMA-Crossover,SWKS,39,128,1625.9432,89,long
SMA-Crossover,INTU,178,199,788.25665,47,long
SMA-Crossover,CMCSA,173,195,1018.0062,69,long
SMA-Crossover,MSFT,103,200,1917.9569,37,long
SMA-Crossover,GOOG,20,44,333.39243,96,long
SMA-Crossover,MCHP,136,181,410.7443,47,long
SMA-Crossover,AMZN,45,66,1031.0502,108,long
SMA-Crossover,ADSK,38,85,816.77246,122,long
SMA-Crossover,MRNA,52,120,2176.155,4,long
SMA-Crossover,GOOGL,22,44,342.39954,98,long
SMA-Crossover,DDOG,28,55,183.93565,14,long
SMA-Crossover,SGEN,53,199,395.56744,40,long
SMA-Crossover,MNST,43,185,7201.133,60,long
SMA-Crossover,TEAM,27,200,473.89706,5,long
SMA-Crossover,MDLZ,163,184,124.50805,42,long
SMA-Crossover,NFLX,20,122,1964.6487,39,long
SMA-Crossover,XEL,23,44,1576.5894,314,long
SMA-Crossover,BIDU,58,102,963.35504,46,long
SMA-Crossover,PANW,100,135,364.47913,19,long
SMA-Crossover,EA,107,141,1215.1525,71,long
SMA-Crossover,MELI,146,187,739.86346,21,long
SMA-Crossover,SBUX,28,104,661.31036,66,long
SMA-Crossover,FTNT,28,57,507.52225,54,long
SMA-Crossover,BIIB,107,144,1483.3542,59,long
SMA-Crossover,ADP,160,200,921.10156,57,long
SMA-Crossover,LULU,121,192,1592.2998,17,long
SMA-Crossover,ADI,46,97,1411.5581,113,long
SMA-Crossover,CSX,101,193,644.5188,47,long
SMA-Crossover,ROST,24,156,1278.1578,65,long
SMA-Crossover,TMUS,23,85,329.8149,46,long
SMA-Crossover,AAPL,82,167,1741.8644,51,long
SMA-Crossover,MRVL,47,156,735.2052,31,long
SMA-Crossover,CPRT,91,144,810.05084,49,long
SMA-Crossover,QCOM,34,77,2628.1228,92,long
SMA-Crossover,MU,42,160,2387.139,69,long
SMA-Crossover,VRTX,76,130,720.02405,70,long
SMA-Crossover,SNPS,158,200,631.106,45,long
SMA-Crossover,LRCX,45,163,1427.0902,59,long
SMA-Crossover,WBA,81,167,1035.2155,63,long
SMA-Crossover,FAST,41,103,1338.1228,97,long
SMA-Crossover,CDNS,112,191,1251.4131,45,long
SMA-Crossover,KLAC,25,56,1820.1609,220,long
SMA-Crossover,AMGN,128,180,2163.6125,68,long
SMA-Crossover,AMAT,20,142,1504.5658,93,long
SMA-Crossover,EXC,20,71,2940.7869,201,long
SMA-Crossover,INTC,61,84,812.3371,143,long
SMA-Crossover,AEP,49,70,3597.2031,281,long
SMA-Crossover,HON,93,115,1078.4418,167,long
SMA-Crossover,AAPL,82,167,1741.8636,51,long
SMA-Crossover,TSLA,39,61,107.530594,10,long
SMA-Crossover,AAPL,60,94,50.267803,5,long
SMA-Crossover,AAPL,60,94,50.26781,5,long
SMA-Crossover,AAPL,60,94,50.2678,5,long
SMA-Crossover,AAPL,60,94,50.267803,5,long
SMA-Crossover,AAPL,60,94,50.26781,5,long
SMA-Crossover,AAPL,60,94,50.267822,5,long
SMA-Crossover,AAPL,60,94,50.26781,5,long
SMA-Crossover,AAPL,60,94,50.267784,5,long
SMA-Crossover,TSLA,39,61,107.530594,10,long
SMA-Crossover,AAPL,60,94,50.267803,5,long
SMA-Crossover,AAPL,60,94,50.267784,5,long
SMA-Crossover,AAPL,60,94,50.267822,5,long
SMA-Crossover,AAPL,60,94,50.26781,5,long
SMA-Crossover,AAPL,60,94,50.2678,5,long
SMA-Crossover,AAPL,60,94,50.267803,5,long
SMA-Crossover,TSLA,39,61,107.530594,10,long
SMA-Crossover,TSLA,39,61,107.530594,10,long
SMA-Crossover,TSLA,39,61,107.530594,10,long
SMA-Crossover,TSLA,39,61,107.530594,10,long
SMA-Crossover,TSLA,39,61,107.530594,10,long
SMA-Crossover,AAPL,60,94,50.26781,5,long
SMA-Crossover,AAPL,60,94,50.26781,5,long
SMA-Crossover,TSLA,39,61,107.530594,10,long
SMA-Crossover,AAPL,60,94,50.26781,5,long
SMA-Crossover,AAPL,60,94,50.26781,5,long
SMA-Crossover,AAPL,60,94,50.2678,5,long
SMA-Crossover,TSLA,39,61,107.530594,10,long
SMA-Crossover,BTCUSD,24,75,425.72455,10,long
SMA-Crossover,AAPL,60,94,50.267822,5,long
SMA-Crossover,TSLA,39,61,107.530594,10,long
SMA-Crossover,GOOG,24,81,84.29331,6,long
SMA-Crossover,TSLA,39,61,107.530594,10,long
SMA-Crossover,TSLA,39,61,107.530594,10,long
SMA-Crossover,AAPL,60,94,50.267822,5,long
SMA-Crossover,AAPL,60,94,50.267826,5,long
SMA-Crossover,AAPL,59,95,99.590546,5,long
SMA-Crossover,AAPL,52,101,41.061478,3,long
SMA-Crossover,AAPL,59,95,99.590576,5,long
SMA-Crossover,AAPL,52,101,41.061478,3,long
SMA-Crossover,AAPL,59,95,99.59056,5,long
SMA-Crossover,AAPL,52,101,41.061478,3,long
SMA-Crossover,AAPL,46,67,1.5235107,4,long
SMA-Crossover,TSLA,25,69,404.19623,8,long
SMA-Crossover,TSLA,25,69,404.19623,8,long
SMA-Crossover,TSLA,25,69,404.19623,8,long
SMA-Crossover,TSLA,20,46,114.60751,9271,long
SMA-Crossover,GOOG,54,94,113.402596,3,long
SMA-Crossover,BTCUSD,21,59,444.73697,20,long
SMA-Crossover,BTCUSD,114,135,7.9619517,3,long
SMA-Crossover,DOGEUSD,20,67,11466.771,14,long
SMA-Crossover,DOGEUSD,73,98,8.890225,3,long
SMA-Crossover,DOGEUSD,32,53,11.499538,4,long
SMA-Crossover,AAPL,20,53,60.042995,9257,long
SMA-Crossover,TSLA,25,69,404.19623,8,long
SMA-Crossover,AAPL,59,95,99.590546,5,long
SMA-Crossover,AAPL,59,95,99.59056,5,long
SMA-Crossover,AAPL,59,95,99.59055,5,long
SMA-Crossover,AAPL,59,95,99.59059,5,long
SMA-Crossover,AAPL,59,95,99.59056,5,long
SMA-Crossover,BTCUSD,21,59,444.73697,20,long
SMA-Crossover,BTCUSD,21,59,444.73697,20,long
SMA-Crossover,BTCUSD,21,59,444.73697,20,long
SMA-Crossover,BTCUSD,21,59,444.73697,20,long
SMA-Crossover,BTCUSD,21,59,444.73697,20,long
SMA-Crossover,MSFT,28,61,76.70878,8,long
SMA-Crossover,MSFT,28,61,76.70878,8,long
SMA-Crossover,MSFT,28,61,76.70878,8,long
SMA-Crossover,MSFT,28,61,76.70876,8,long
SMA-Crossover,MSFT,28,61,76.708786,8,long
SMA-Crossover,MSFT,28,61,76.708786,8,long
SMA-Crossover,TSLA,25,69,404.19623,8,long
SMA-Crossover,TSLA,25,69,404.19623,8,long
SMA-Crossover,TSLA,25,69,404.19623,8,long
SMA-Crossover,TSLA,25,69,404.19623,8,long
SMA-Crossover,TSLA,25,69,404.19623,8,long
SMA-Crossover,TSLA,25,69,404.19623,8,long
SMA-Crossover,TSLA,25,69,404.19623,8,long
SMA-Crossover,TSLA,25,69,404.19623,8,long
SMA-Crossover,AAPL,59,95,99.59053,5,long
SMA-Crossover,BTCUSD,21,59,444.73697,20,long
SMA-Crossover,GBPUSD,27,103,11.823883,5,long
SMA-Crossover,BTCUSD,21,59,444.73697,20,long
SMA-Crossover,TSLA,25,69,404.19623,8,long
SMA-Crossover,AAPL,59,95,99.590546,5,long
SMA-Crossover,AAPL,59,95,99.59054,5,long
SMA-Crossover,AAPL,59,95,99.59055,5,long
SMA-Crossover,AAPL,59,95,99.59056,5,long
SMA-Crossover,AAPL,59,95,99.590546,5,long
SMA-Crossover,TSLA,25,69,404.19623,8,long
SMA-Crossover,TSLA,86,137,52.57625,3,long
SMA-Crossover,TSLA,39,61,107.530594,10,long
SMA-Crossover,TSLA,39,61,107.530594,10,long
SMA-Crossover,TSLA,39,61,107.530594,10,long
SMA-Crossover,TSLA,39,61,107.530594,10,long
SMA-Crossover,TSLA,39,61,107.530594,10,long
SMA-Crossover,TSLA,39,61,107.530594,10,long
SMA-Crossover,TSLA,39,61,107.530594,10,long
SMA-Crossover,TSLA,39,61,107.530594,10,long
SMA-Crossover,TSLA,39,61,107.530594,10,long
SMA-Crossover,TSLA,39,61,107.530594,10,long
SMA-Crossover,TSLA,39,61,107.530594,10,long
SMA-Crossover,TSLA,39,61,107.530594,10,long
SMA-Crossover,TSLA,39,61,107.530594,10,long
SMA-Crossover,TSLA,39,61,107.530594,10,long
SMA-Crossover,TSLA,39,61,107.530594,10,long
SMA-Crossover,TSLA,39,61,107.530594,10,long
SMA-Crossover,TSLA,39,61,107.530594,10,long
SMA-Crossover,TSLA,39,61,107.530594,10,long
SMA-Crossover,TSLA,39,61,107.530594,10,long
SMA-Crossover,TSLA,39,61,107.530594,10,long
SMA-Crossover,TSLA,39,61,107.530594,10,long
SMA-Crossover,TSLA,39,61,107.530594,10,long
SMA-Crossover,TSLA,39,61,107.530594,10,long
SMA-Crossover,TSLA,39,61,107.530594,10,long
SMA-Crossover,TSLA,39,61,107.530594,10,long
SMA-Crossover,TSLA,39,61,107.530594,10,long
SMA-Crossover,TSLA,39,61,107.530594,10,long
SMA-Crossover,TSLA,39,61,107.530594,10,long
SMA-Crossover,TSLA,39,61,107.530594,10,long
SMA-Crossover,TSLA,39,61,107.530594,10,long
SMA-Crossover,TSLA,39,61,107.530594,10,long
SMA-Crossover,TSLA,39,61,107.530594,10,long
SMA-Crossover,TSLA,39,61,107.530594,10,long
SMA-Crossover,TSLA,39,61,107.530594,10,long
SMA-Crossover,TSLA,39,61,107.530594,10,long
SMA-Crossover,TSLA,39,61,107.530594,10,long
SMA-Crossover,TSLA,39,61,107.530594,10,long
SMA-Crossover,TSLA,39,61,107.530594,10,long
SMA-Crossover,TSLA,39,61,107.530594,10,long
SMA-Crossover,TSLA,39,61,107.530594,10,long
SMA-Crossover,TSLA,39,61,107.530594,10,long
SMA-Crossover,TSLA,39,61,107.530594,10,long
SMA-Crossover,TSLA,39,61,107.530594,10,long
SMA-Crossover,TSLA,39,61,107.530594,10,long
SMA-Crossover,TSLA,39,61,107.530594,10,long
SMA-Crossover,TSLA,39,61,107.530594,10,long
SMA-Crossover,TSLA,39,61,107.530594,10,long
SMA-Crossover,TSLA,39,61,107.530594,10,long
SMA-Crossover,TSLA,39,61,107.530594,10,long
SMA-Crossover,TSLA,25,69,404.19623,8,long
SMA-Crossover,META,24,59,65.47453,13,long
SMA-Crossover,META,145,197,586.9432,9,long
SMA-Crossover,MCD,22,63,51.49658,10,long
SMA-Crossover,NKE,20,61,81.21649,14,long
SMA-Crossover,NKE,152,178,1018.5172,69,long
SMA-Crossover,NKE,152,178,1018.5174,69,long
SMA-Crossover,ETHUSD,105,189,2264.5442,5,long
SMA-Crossover,PLTR,57,85,21.078505,5,long
SMA-Crossover,META,145,197,586.9432,9,long
SMA-Crossover,SHOP,120,141,1238.7223,9,long
SMA-Crossover,SHOP,120,141,1238.7223,9,long
SMA-Crossover,AAPL,27,132,21.794983,78,long
SMA-Crossover,TSLA,65,99,17.951368,94,long
SMA-Crossover,TDOC,129,162,236.02528,57,long
SMA-Crossover,TSLA,65,99,17.951368,94,long
SMA-Crossover,KO,28,51,39.531414,14,long
SMA-Crossover,AAPL,27,112,19.076937,82,long
SMA-Crossover,AAPL,27,112,19.076937,82,long
SMA-Crossover,AAPL,82,167,1741.8636,51,long
SMA-Crossover,AAPL,20,41,41.17804,407,long
SMA-Crossover,AAPL,20,41,41.17804,407,long
SMA-Crossover,AAPL,59,95,99.59056,5,long
SMA-Crossover,AAPL,59,95,99.590546,5,long
SMA-Crossover,AAPL,59,95,99.59056,5,long
SMA-Crossover,AAPL,59,95,99.59058,5,long
SMA-Crossover,BTCUSD,21,59,444.73697,20,long
SMA-Crossover,TSLA,25,69,404.19623,8,long
SMA-Crossover,TSLA,25,69,404.19623,8,long
SMA-Crossover,BTCUSD,21,59,444.73697,20,long
SMA-Crossover,TSLA,25,69,404.19623,8,long
SMA-Crossover,TSLA,25,69,404.19623,8,long
SMA-Crossover,TSLA,25,69,404.19623,8,long
SMA-Crossover,TSLA,25,69,404.19623,8,long
SMA-Crossover,AAPL,59,95,99.590546,5,long
SMA-Crossover,TSLA,25,69,404.19623,8,long
SMA-Crossover,TSLA,25,69,404.19623,8,long
SMA-Crossover,TSLA,25,69,404.19623,8,long
SMA-Crossover,AAPL,59,95,99.590546,5,long
SMA-Crossover,TSLA,25,69,404.19623,8,long
SMA-Crossover,AAPL,59,95,99.590546,5,long
SMA-Crossover,TSLA,25,69,404.19623,8,long
SMA-Crossover,AAPL,59,95,99.59056,5,long
SMA-Crossover,TSLA,25,69,404.19623,8,long
MA-Crossover,AAPL,ema,25,sma,54,86.848465,14,long
MA-Crossover,TSLA,ema,22,sma,75,429.77246,10,long
MA-Crossover,AAPL,sma,59,sma,95,99.590576,5,long
MA-Crossover,AAPL,sma,59,sma,95,99.59054,5,long
MA-Crossover,AAPL,ema,25,sma,54,86.84844,14,long
MA-Crossover,AAPL,sma,59,sma,95,99.59058,5,long
MA-Crossover,AAPL,ema,25,sma,54,86.848465,14,long
MA-Crossover,AAPL,ema,25,sma,54,86.848465,14,long
MA-Crossover,AAPL,ema,25,sma,54,86.84845,14,long
MA-Crossover,AAPL,ema,25,sma,54,86.84845,14,long
MA-Crossover,AAPL,ema,25,sma,54,86.84846,14,long
MA-Crossover,AAPL,sma,59,sma,95,99.590546,5,long
MA-Crossover,AAPL,ema,25,sma,54,86.84847,14,long
MA-Crossover,AAPL,sma,59,sma,95,99.59058,5,long
MA-Crossover,AAPL,ema,25,sma,54,86.848465,14,long
MA-Crossover,AAPL,ema,25,sma,54,86.84847,14,long
MA-Crossover,AAPL,ema,25,sma,54,86.84846,14,long
MA-Crossover,AAPL,ema,25,sma,54,86.84848,14,long
MA-Crossover,AAPL,ema,25,sma,54,86.84847,14,long
MA-Crossover,AAPL,ema,25,sma,54,86.84847,14,long
MA-Crossover,AAPL,ema,0,sma,0,0.0,0,long
MA-Crossover,AAPL,ema,23,sma,179,431.34833,12,long
MA-Crossover,AAPL,ema,20,sma,197,781.84216,18,long
MA-Crossover,AAPL,ema,20,sma,198,1508.2285,52,long
MA-Crossover,AAPL,ema,20,sma,200,1806.9042,76,long
MA-Crossover,AAPL,ema,25,sma,54,86.84849,14,long
MA-Crossover,AAPL,ema,25,sma,54,86.84847,14,long
MA-Crossover,TSLA,ema,22,sma,75,429.77246,10,long
MA-Crossover,AAPL,ema,25,sma,54,86.848465,14,long
MA-Crossover,AAPL,ema,25,sma,54,86.84847,14,long
MA-Crossover,AAPL,ema,85,sma,109,20.602453,91,long
MA-Crossover,AAPL,ema,85,sma,109,20.602453,91,long
MA-Crossover,AAPL,ema,25,sma,54,86.84847,14,long
MA-Crossover,BTCUSD,ema,37,sma,147,4520.327,13,long
MA-Crossover,BTCUSD,ema,20,sma,42,492.0621,19,long
MA-Crossover,TSLA,ema,22,sma,61,48.33901,6,long
MA-Crossover,TSLA,ema,22,sma,61,48.33901,6,long
MA-Crossover,TSLA,ema,22,sma,61,48.33901,6,long
MA-Crossover,TSLA,ema,22,sma,61,48.33901,6,long
MA-Crossover,TSLA,ema,22,sma,61,48.33901,6,long
MA-Crossover,AAPL,ema,25,sma,54,86.84845,14,long
MA-Crossover,AAPL,ema,25,sma,54,86.84845,14,long
MA-Crossover,AAPL,ema,25,sma,54,86.84845,14,long
MA-Crossover,AAPL,ema,20,sma,52,22.709005,153,long
MA-Crossover,AAPL,ema,25,sma,54,86.84845,14,long
MA-Crossover,AAPL,ema,20,sma,52,22.709005,153,long
MA-Crossover,AAPL,sma,82,sma,167,1741.8638,51,long
MA-Crossover,QQQ,ema,20,sma,85,68.71842,6,long
MA-Crossover,AAPL,ema,25,sma,54,86.84846,14,long
MA-Crossover,AAPL,ema,25,sma,179,299.14676,8,long
MA-Crossover,AAPL,ema,10,sma,31,113.54769,18,long
MA-Crossover,AAPL,ema,12,sma,33,102.20331,18,long
MA-Crossover,TSLA,ema,12,sma,80,496.20023,10,long
MA-Crossover,TSLA,ema,12,sma,80,496.20023,10,long
MA-Crossover,TSLA,ema,88,sma,113,1938.9578,27,long
MA-Crossover,PLTR,ema,12,sma,33,8.951364,13,long
MA-Crossover,PLTR,ema,12,sma,33,8.951364,13,long
MA-Crossover,TSLA,ema,12,sma,80,496.20023,10,long
MA-Crossover,PLTR,ema,12,sma,33,8.951364,13,long
MA-Crossover,PLTR,ema,12,sma,33,227.7465,251,long
MA-Crossover,BTCUSD,ema,12,sma,39,506.58026,21,long
MA-Crossover,AAPL,ema,12,sma,33,102.20331,18,long
MA-Crossover,AAPL,ema,12,sma,33,102.2033,18,long
MA-Crossover,AAPL,ema,12,sma,33,102.203285,18,long
MA-Crossover,AAPL,ema,12,sma,33,102.20331,18,long
MA-Crossover,AAPL,ema,12,sma,33,102.20331,18,long
MA-Crossover,AAPL,ema,12,sma,33,102.20325,18,long
MA-Crossover,AAPL,ema,12,sma,33,102.203224,18,long
MA-Crossover,AAPL,ema,12,sma,33,102.20325,18,long
MA-Crossover,AAPL,ema,12,sma,33,102.203285,18,long
MA-Crossover,AAPL,sma,12,sma,49,14.249166,195,long
MA-Crossover,AAPL,sma,12,sma,49,14.249166,195,long
MA-Crossover,AAPL,ema,12,sma,33,102.20328,18,long
MA-Crossover,AAPL,sma,12,sma,49,14.249166,195,long
MA-Crossover,AAPL,ema,0,sma,0,0.0,0,long
MA-Crossover,AAPL,ema,0,sma,0,0.0,0,long
MA-Crossover,AAPL,sma,12,sma,33,82.925865,280,long
MA-Crossover,AAPL,ema,0,sma,0,0.0,0,long
MA-Crossover,AAPL,sma,0,sma,0,0.0,0,long
MA-Crossover,AAPL,sma,12,sma,33,82.925865,280,long
MA-Crossover,AAPL,ema,13,sma,22,153.48692,29,long
MA-Crossover,TSLA,ema,12,sma,80,496.20023,10,long
MA-Crossover,TSLA,ema,12,sma,80,496.20023,10,long
MA-Crossover,AAPL,ema,13,sma,22,142.15656,22,long
MA-Crossover,AAPL,ema,13,sma,22,142.15656,22,long
MA-Crossover,AAPL,ema,13,sma,22,142.15656,22,long
MA-Crossover,AAPL,ema,13,sma,22,142.15656,22,long
MA-Crossover,AAPL,ema,13,sma,22,142.15656,22,long
MA-Crossover,AAPL,ema,13,sma,22,142.15656,22,long
MA-Crossover,AAPL,ema,13,sma,22,142.15656,22,long
MA-Crossover,AAPL,ema,13,sma,22,142.15656,22,long
MA-Crossover,AAPL,ema,13,sma,22,142.15656,22,long
MA-Crossover,AAPL,ema,13,sma,22,142.15656,22,long
MA-Crossover,AAPL,ema,13,sma,22,142.15656,22,long
MA-Crossover,AAPL,ema,13,sma,22,142.15656,22,long
MA-Crossover,AAPL,ema,13,sma,22,142.15656,22,long
MA-Crossover,AAPL,ema,13,sma,22,142.15656,22,long
MA-Crossover,AAPL,ema,13,sma,22,142.15656,22,long
MA-Crossover,AAPL,ema,13,sma,22,142.15656,22,long
MA-Crossover,AAPL,ema,13,sma,22,142.15656,22,long
MA-Crossover,AAPL,ema,13,sma,22,142.15656,22,long
MA-Crossover,AAPL,ema,13,sma,22,142.15656,22,long
MA-Crossover,AAPL,ema,13,sma,22,142.15656,22,long
MA-Crossover,AAPL,ema,13,sma,22,142.15656,22,long
MA-Crossover,AAPL,ema,13,sma,22,142.15656,22,long
MA-Crossover,AAPL,ema,13,sma,22,142.15656,22,long
MA-Crossover,AAPL,sma,19,sma,21,119.20884,37,long
MA-Crossover,AAPL,ema,13,sma,22,142.15656,22,long
MA-Crossover,AAPL,ema,13,sma,22,142.15656,22,long
MA-Crossover,AAPL,ema,13,sma,22,142.15656,22,long
MA-Crossover,AAPL,ema,13,sma,22,142.15656,22,long
MA-Crossover,AAPL,ema,13,sma,22,142.15656,22,long
MA-Crossover,AAPL,ema,13,sma,22,142.15656,22,long
MA-Crossover,AAPL,ema,13,sma,22,142.15656,22,long
MA-Crossover,AAPL,ema,13,sma,22,142.15656,22,long
MA-Crossover,AAPL,ema,13,sma,22,142.15656,22,long
MA-Crossover,TSLA,ema,12,sma,80,508.36835,7,long
MA-Crossover,TSLA,ema,96,sma,116,1653.3014,4,long
MA-Crossover,TSLA,ema,96,sma,116,1653.3014,4,long
MA-Crossover,BTCUSD,ema,12,sma,39,716.802,24,long
MA-Crossover,AAPL,ema,12,sma,20,241.40536,447,long
MA-Crossover,AAPL,ema,12,sma,20,241.40536,447,long
MA-Crossover,AAPL,ema,15,sma,20,201.79811,35,long
MA-Crossover,AAPL,ema,15,sma,20,201.79811,35,long
MA-Crossover,AAPL,ema,15,sma,20,201.79811,35,long
MA-Crossover,AAPL,ema,15,sma,20,201.79808,35,long
MA-Crossover,AAPL,ema,15,sma,20,201.79807,35,long
MA-Crossover,AAPL,ema,15,sma,20,201.79807,35,long
MA-Crossover,AAPL,ema,15,sma,20,201.79811,35,long
MA-Crossover,AAPL,ema,15,sma,20,201.79807,35,long
MA-Crossover,AAPL,ema,15,sma,20,201.79811,35,long
MA-Crossover,AAPL,ema,15,sma,20,201.79816,35,long
MA-Crossover,AAPL,ema,15,sma,20,201.79811,35,long
MA-Crossover,AAPL,ema,15,sma,20,201.79807,36,long
MA-Crossover,TSLA,ema,112,sma,125,1688.0991,5,long
MA-Crossover,BTCUSD,ema,12,sma,39,704.72473,28,long
MA-Crossover,AAPL,ema,15,sma,20,201.79811,36,long
MA-Crossover,AAPL,ema,15,sma,20,221.07791,41,long
MA-Crossover,AAPL,ema,15,sma,20,221.07791,41,long
MA-Crossover,AAPL,ema,15,sma,20,221.07787,41,long
MA-Crossover,AAPL,ema,15,sma,20,221.07787,41,long
MA-Crossover,AAPL,ema,15,sma,20,221.07787,41,long
MA-Crossover,AAPL,ema,15,sma,20,221.07787,41,long
MA-Crossover,AAPL,ema,15,sma,20,221.07787,41,long
MA-Crossover,AAPL,ema,15,sma,20,221.07787,41,long
MA-Crossover,AAPL,ema,15,sma,20,221.07787,41,long
MA-Crossover,AAPL,ema,15,sma,20,221.07787,41,long
MA-Crossover,AAPL,ema,15,sma,20,221.07787,41,long
MA-Crossover,AAPL,ema,15,sma,20,221.07787,41,long
MA-Crossover,AAPL,ema,15,sma,20,221.07787,41,long
MA-Crossover,AAPL,ema,15,sma,20,221.07787,41,long
MA-Crossover,AAPL,ema,15,sma,20,221.07787,41,long
MA-Crossover,AAPL,ema,15,sma,20,221.07787,41,long
MA-Crossover,AAPL,ema,15,sma,20,221.07787,41,long
MA-Crossover,AAPL,ema,15,sma,20,221.07787,41,long
MA-Crossover,AAPL,ema,15,sma,20,221.07787,41,long
MA-Crossover,AAPL,ema,15,sma,20,221.07787,41,long
MA-Crossover,AAPL,ema,15,sma,20,221.07787,41,long
MA-Crossover,AAPL,ema,15,sma,20,221.07787,41,long
MA-Crossover,AAPL,ema,15,sma,20,221.07787,41,long
MA-Crossover,AAPL,ema,15,sma,20,221.07787,41,long
MA-Crossover,AAPL,ema,15,sma,20,221.07787,41,long
MA-Crossover,AAPL,ema,15,sma,20,221.07787,41,long
MA-Crossover,AAPL,ema,12,sma,20,238.60936,451,long
MA-Crossover,AAPL,ema,15,sma,20,221.07787,41,long
MA-Crossover,AAPL,ema,15,sma,20,221.07787,41,long
MA-Crossover,AAPL,ema,15,sma,20,221.07787,41,long
MA-Crossover,AAPL,ema,12,sma,20,238.60936,451,long
MA-Crossover,AAPL,ema,15,sma,20,221.07787,41,long
MA-Crossover,AAPL,ema,15,sma,20,221.07787,41,long
MA-Crossover,AAPL,ema,15,sma,20,221.07787,41,long
MA-Crossover,AAPL,ema,15,sma,20,221.07787,41,long
MA-Crossover,AAPL,sma,20,sma,21,175.01587,87,long
MA-Crossover,AAPL,ema,15,sma,20,221.07787,41,long
MA-Crossover,AAPL,ema,15,sma,20,531.8137,167,long
MA-Crossover,AAPL,ema,15,sma,20,221.07787,41,long
MA-Crossover,AAPL,ema,15,sma,20,221.07787,41,long
MA-Crossover,AAPL,ema,12,sma,20,238.60936,451,long
MA-Crossover,AAPL,ema,15,sma,20,221.07787,41,long
MA-Crossover,AAPL,ema,15,sma,20,221.07787,41,long
MA-Crossover,AAPL,ema,12,sma,20,238.60936,451,long
MA-Crossover,AAPL,ema,15,sma,20,221.07787,41,long
MA-Crossover,AAPL,ema,12,sma,20,238.60936,451,long
MA-Crossover,AAPL,ema,15,sma,20,221.07787,41,long
MA-Crossover,AAPL,ema,15,sma,20,221.07787,41,long
MA-Crossover,AAPL,ema,15,sma,20,221.07787,41,long
MA-Crossover,AAPL,ema,15,sma,20,221.07787,41,long
MA-Crossover,AAPL,ema,12,sma,20,238.60936,451,long
MA-Crossover,AAPL,ema,15,sma,20,221.07787,41,long
MA-Crossover,AAPL,ema,15,sma,20,221.07787,41,long
MA-Crossover,AAPL,ema,15,sma,20,221.07787,41,long
MA-Crossover,AAPL,ema,15,sma,20,221.07787,41,long
MA-Crossover,AAPL,ema,15,sma,20,221.07787,41,long
MA-Crossover,AAPL,ema,12,sma,20,238.60936,451,long
MA-Crossover,AAPL,ema,15,sma,20,221.07787,41,long
MA-Crossover,AAPL,ema,15,sma,20,221.07787,41,long
MA-Crossover,AAPL,ema,15,sma,20,221.07787,41,long
MA-Crossover,AAPL,ema,15,sma,20,221.07791,41,long
MA-Crossover,AAPL,ema,15,sma,20,221.07787,41,long
MA-Crossover,AAPL,ema,12,sma,20,237.78102,451,long
MA-Crossover,AAPL,ema,15,sma,20,221.07797,41,long
MA-Crossover,AAPL,ema,15,sma,20,221.07797,41,long
MA-Crossover,AAPL,ema,15,sma,20,221.07797,41,long
MA-Crossover,AAPL,ema,15,sma,20,221.07797,41,long
MA-Crossover,AAPL,ema,15,sma,20,221.07797,41,long
MA-Crossover,AAPL,ema,15,sma,20,221.07797,41,long
MA-Crossover,AAPL,ema,15,sma,20,221.07797,41,long
MA-Crossover,AAPL,ema,15,sma,20,221.07797,41,long
MA-Crossover,AAPL,ema,15,sma,20,221.07797,41,long
MA-Crossover,AAPL,ema,15,sma,20,221.07797,41,long
MA-Crossover,AAPL,ema,15,sma,20,221.07797,41,long
MA-Crossover,AAPL,ema,15,sma,20,221.07797,41,long
MA-Crossover,AAPL,ema,15,sma,20,221.07797,41,long
MA-Crossover,AAPL,ema,15,sma,20,221.07797,41,long
MA-Crossover,AAPL,ema,15,sma,20,221.07797,41,long
MA-Crossover,AAPL,ema,15,sma,20,221.07797,41,long
MA-Crossover,AAPL,ema,15,sma,20,221.07797,41,long
MA-Crossover,AAPL,ema,15,sma,20,221.07797,41,long
MA-Crossover,AAPL,ema,15,sma,20,221.07797,41,long
MA-Crossover,AAPL,ema,15,sma,20,221.07797,41,long
MA-Crossover,AAPL,ema,15,sma,20,221.07797,41,long
MA-Crossover,AAPL,ema,15,sma,20,221.07797,41,long
MA-Crossover,AAPL,ema,15,sma,20,221.07797,41,long
MA-Crossover,AAPL,ema,15,sma,20,221.07797,41,long
MA-Crossover,AAPL,ema,15,sma,20,221.07797,41,long
MA-Crossover,AAPL,ema,15,sma,20,221.07797,41,long
MA-Crossover,AAPL,ema,15,sma,20,221.07797,41,long
MA-Crossover,AAPL,ema,15,sma,20,221.07797,41,long
MA-Crossover,AAPL,ema,15,sma,20,221.07797,41,long
MA-Crossover,AAPL,ema,15,sma,20,221.07797,41,long
MA-Crossover,AAPL,ema,15,sma,20,221.07797,41,long
MA-Crossover,AAPL,ema,15,sma,20,221.07797,41,long
MA-Crossover,AAPL,ema,15,sma,20,221.07797,41,long
MA-Crossover,AAPL,ema,15,sma,20,221.07797,41,long
MA-Crossover,AAPL,ema,15,sma,20,221.07797,41,long
MA-Crossover,AAPL,ema,15,sma,20,221.07797,41,long
MA-Crossover,AAPL,ema,15,sma,20,221.07797,41,long
MA-Crossover,AAPL,ema,15,sma,20,221.07797,41,long
MA-Crossover,AAPL,ema,15,sma,20,221.07797,41,long
MA-Crossover,AAPL,ema,15,sma,20,221.07797,41,long
MA-Crossover,AAPL,ema,15,sma,20,221.07797,41,long
MA-Crossover,AAPL,ema,15,sma,20,221.07797,41,long
MA-Crossover,AAPL,ema,15,sma,20,221.07797,41,long
MA-Crossover,AAPL,ema,15,sma,20,221.07797,41,long
MA-Crossover,AAPL,ema,15,sma,20,221.07797,41,long
MA-Crossover,AAPL,ema,15,sma,20,221.07797,41,long
MA-Crossover,AAPL,ema,15,sma,20,221.07797,41,long
MA-Crossover,AAPL,ema,15,sma,20,221.07797,41,long
MA-Crossover,AAPL,ema,15,sma,20,221.07797,41,long
MA-Crossover,AAPL,ema,15,sma,20,221.07797,41,long
MA-Crossover,AAPL,ema,15,sma,20,221.07797,41,long
MA-Crossover,AAPL,ema,15,sma,20,221.07797,41,long
MA-Crossover,AAPL,ema,12,sma,20,237.78102,451,long
MA-Crossover,AAPL,ema,0,sma,0,0.0,0,long
MA-Crossover,AAPL,ema,15,sma,20,221.07797,41,long
MA-Crossover,AAPL,ema,13,sma,22,256.29922,45,long
MA-Crossover,AAPL,ema,15,sma,20,221.07797,41,long
MA-Crossover,AAPL,ema,15,sma,20,221.07797,41,long
MA-Crossover,AAPL,ema,15,sma,20,221.07797,41,long
MA-Crossover,AAPL,ema,15,sma,20,221.07797,41,long
MA-Crossover,AAPL,ema,15,sma,20,221.07797,41,long
MA-Crossover,AAPL,ema,15,sma,20,221.07797,41,long
MA-Crossover,AAPL,ema,15,sma,20,221.07797,41,long
MA-Crossover,AAPL,ema,15,sma,20,221.07797,41,long
MA-Crossover,AAPL,ema,15,sma,20,221.07797,41,long
MA-Crossover,AAPL,ema,15,sma,20,221.07797,41,long
MA-Crossover,AAPL,ema,15,sma,20,221.07797,41,long
MA-Crossover,AAPL,ema,15,sma,20,221.07797,41,long
MA-Crossover,AAPL,ema,15,sma,20,221.07797,41,long
MA-Crossover,AAPL,ema,15,sma,20,221.07797,41,long
MA-Crossover,AAPL,ema,15,sma,20,221.07797,41,long
MA-Crossover,AAPL,ema,15,sma,20,221.07797,41,long
MA-Crossover,AAPL,ema,15,sma,20,221.07797,41,long
MA-Crossover,AAPL,ema,15,sma,20,221.07797,41,long
MA-Crossover,AAPL,ema,17,sma,22,153.71793,17,long
MA-Crossover,AAPL,ema,15,sma,20,221.07797,41,long
MA-Crossover,AAPL,ema,15,sma,20,221.07797,41,long
MA-Crossover,AAPL,ema,15,sma,20,221.07797,41,long
MA-Crossover,AAPL,ema,15,sma,20,221.07797,41,long
MA-Crossover,AAPL,ema,15,sma,20,221.07797,41,long
MA-Crossover,AAPL,ema,15,sma,20,221.07797,41,long
MA-Crossover,AAPL,ema,15,sma,20,221.07797,41,long
MA-Crossover,AAPL,ema,15,sma,20,221.07797,41,long
MA-Crossover,AAPL,ema,15,sma,20,221.07797,41,long
MA-Crossover,AAPL,ema,15,sma,20,221.07797,41,long
MA-Crossover,AAPL,ema,15,sma,20,221.07797,41,long
MA-Crossover,AAPL,ema,15,sma,20,221.07797,41,long
MA-Crossover,AAPL,ema,15,sma,20,221.07797,41,long
MA-Crossover,AAPL,ema,15,sma,20,221.07797,41,long
MA-Crossover,AAPL,ema,15,sma,20,221.07797,41,long
MA-Crossover,AAPL,ema,15,sma,20,221.07797,41,long
MA-Crossover,AAPL,ema,15,sma,20,221.07797,41,long
MA-Crossover,AAPL,ema,15,sma,20,221.07797,41,long
MA-Crossover,AAPL,ema,15,sma,20,221.07797,41,long
MA-Crossover,AAPL,ema,12,sma,20,237.78102,451,long
MA-Crossover,AAPL,ema,15,sma,20,221.07797,41,long
MA-Crossover,AAPL,ema,15,sma,20,221.07797,41,long
MA-Crossover,AAPL,ema,15,sma,20,221.07797,41,long
MA-Crossover,AAPL,ema,15,sma,20,221.07797,41,long
MA-Crossover,AAPL,ema,15,sma,20,221.07797,41,long
MA-Crossover,AAPL,ema,15,sma,20,221.07797,41,long
MA-Crossover,AAPL,ema,12,sma,20,237.78102,451,long
MA-Crossover,AAPL,ema,15,sma,20,221.07797,41,long
MA-Crossover,AAPL,ema,15,sma,20,221.07797,41,long
MA-Crossover,AAPL,ema,17,sma,22,153.71793,17,long
MA-Crossover,AAPL,ema,15,sma,20,221.07797,41,long
MA-Crossover,AAPL,ema,15,sma,20,221.07797,41,long
MA-Crossover,AAPL,ema,15,sma,20,221.07797,41,long
MA-Crossover,AAPL,ema,17,sma,22,153.71793,17,long
MA-Crossover,AAPL,ema,15,sma,20,221.07797,41,long
MA-Crossover,AAPL,ema,15,sma,20,221.07797,41,long
MA-Crossover,AAPL,ema,15,sma,20,221.07797,41,long
MA-Crossover,AAPL,ema,15,sma,20,221.07797,41,long
MA-Crossover,AAPL,ema,15,sma,20,221.07797,41,long
MA-Crossover,AAPL,ema,15,sma,20,221.07797,41,long
MA-Crossover,AAPL,ema,15,sma,20,221.07797,41,long
MA-Crossover,AAPL,ema,15,sma,20,221.07797,41,long
MA-Crossover,AAPL,ema,15,sma,20,221.07797,41,long
MA-Crossover,AAPL,ema,15,sma,20,221.07797,41,long
MA-Crossover,AAPL,ema,12,sma,20,237.78102,451,long
MA-Crossover,AAPL,ema,15,sma,20,221.07797,41,long
MA-Crossover,AAPL,ema,12,sma,20,237.78102,451,long
MA-Crossover,AAPL,ema,15,sma,20,221.07797,41,long
MA-Crossover,AAPL,ema,17,sma,22,153.71793,17,long
MA-Crossover,AAPL,ema,18,sma,21,37.473183,10,long
MA-Crossover,AAPL,ema,15,sma,20,221.07797,41,long
MA-Crossover,AAPL,ema,15,sma,20,221.07797,41,long
MA-Crossover,AAPL,ema,15,sma,20,221.07797,41,long
MA-Crossover,AAPL,ema,17,sma,22,153.71793,17,long
